"","category","subcategory","ID","Description","GeneRatio","BgRatio","pvalue","p.adjust","qvalue","geneID","Count"
"hsa05014","Human Diseases","Neurodegenerative disease","hsa05014","Amyotrophic lateral sclerosis","206/2534","364/8764",1.85215418177289e-29,6.24175959257463e-27,3.6653156439295e-27,"572/4706/5689/7384/5704/637/9782/9821/23279/5606/5685/3309/7175/55706/4710/55102/7132/55746/6389/60/5289/25978/81929/2521/4708/10762/23511/5714/4713/7494/5706/5684/5700/5687/8480/5688/9688/5713/80208/5683/23064/5532/5709/5216/4927/4717/23130/55626/4928/4728/5715/506/57122/1337/1432/6428/1347/9631/25981/10120/10213/374291/6432/9167/2882/515/6390/22926/4709/317/5533/23435/847/3181/10133/60673/10376/514/9972/4694/79902/5690/3831/1340/8678/22863/8021/1350/10975/7277/7979/468/4698/5682/10452/4705/11047/1327/1349/55860/23225/29107/51164/1965/29979/517/3178/1329/5879/4711/10010/5695/4686/79139/11258/10121/310/53371/5530/9818/7385/81631/4716/6647/5694/5686/5868/54539/4715/203228/4718/498/5903/522/23165/7381/6396/26100/516/5710/5692/8878/5701/10482/9861/55255/4724/836/27089/1345/7415/509/5702/4714/4218/7846/84790/4723/10476/11273/4725/7386/220988/3799/596/54205/7388/5707/126328/5708/1649/10540/9776/84617/1351/8408/4729/9377/1537/4707/10189/71/55967/5719/10383/4697/203068/5718/4513/4519/4536/4540/2475/4512/4538/6392/6311/4539/7416/4722/5534/2876/539/4701/100101267/5691",206
"hsa05020","Human Diseases","Neurodegenerative disease","hsa05020","Prion disease","158/2534","272/8764",2.18366506105114e-24,3.67947562787118e-22,2.16067911304008e-22,"572/4706/292/5689/7384/2534/5704/5685/3309/1535/4710/1459/6389/7419/4708/5714/4713/5594/4689/5706/5684/5700/5687/5688/1457/5713/5683/5599/5532/5709/4717/3312/4728/5715/506/1337/1432/1347/10213/374291/9167/1386/515/4688/6390/1385/4709/1958/317/5533/5290/3709/10376/514/4694/3553/5690/3831/1340/1350/10975/7277/7979/468/5880/4698/5682/4705/11047/1327/1349/1965/517/1329/5879/4711/5695/5530/7385/4716/6647/5694/5567/5686/148327/5295/54539/4715/4851/4718/498/522/7381/653361/516/5710/5692/5701/9861/4724/836/27089/1345/1536/509/7417/5702/4714/7846/84790/4723/10476/10963/4725/7386/293/3799/5293/5621/54205/712/7388/5707/126328/5708/1649/84617/1351/4729/9377/1537/64764/4707/55967/5719/10383/4697/203068/5718/4513/4519/4536/4540/4512/4538/6392/3304/3303/1460/4539/7416/4722/1388/5534/539/4701/6352/5691",158
"hsa05012","Human Diseases","Neurodegenerative disease","hsa05012","Parkinson disease","152/2534","266/8764",1.69538309858524e-22,1.90448034741076e-20,1.1183579738036e-20,"4706/292/5689/7384/5704/5685/3309/4710/6389/7419/2778/4708/5714/4713/7494/5706/5684/5700/5687/5688/5713/5683/5599/5709/4717/4728/5715/4891/506/1337/1347/2771/10213/374291/27429/9167/4780/11315/515/9927/6390/22926/4709/1843/317/3709/10376/514/4694/5690/3831/1340/1350/10975/7277/7979/468/4698/5682/4705/11047/7317/1327/1349/7326/1965/517/1329/4711/7295/5695/64116/7385/4716/29985/6647/5694/5567/5686/805/6233/817/54539/4715/7316/4718/498/522/7381/9246/516/5710/5692/808/5701/9861/4724/836/27089/1345/509/7417/5702/4714/7846/84790/4723/10476/4725/7386/293/7314/3799/55669/54205/7388/5707/126328/5708/1649/84617/1351/4729/9377/1537/7318/4707/55967/7327/5719/7332/10383/4697/203068/57181/5718/801/4513/4519/4536/4540/4512/51465/4538/6392/4539/7416/4722/7311/539/4701/5691",152
"hsa05203","Human Diseases","Cancer: overview","hsa05203","Viral carcinogenesis","125/2534","204/8764",2.59731205460572e-22,2.18823540600532e-20,1.28498596385757e-20,"572/8379/1387/9734/5610/841/6672/5315/387/9759/5423/998/87/1739/7419/5933/5902/5594/2033/83933/22938/5700/4792/5934/1021/10014/7531/4790/2965/1027/1108/896/7337/8850/1386/1385/894/5290/1017/8970/1026/3661/6776/23352/7533/468/81/10971/3572/1019/4193/5879/2959/5925/5366/5567/148327/890/5295/2934/1111/5922/3017/8365/9114/3716/9261/5966/836/7534/6850/3190/7529/1642/3516/6774/7532/983/5293/5970/6777/3725/2885/8347/23513/64764/8349/8340/3665/7874/3066/8364/27044/8363/121504/85236/440689/3107/3133/3134/3105/4893/1388/10379/1654/8341/3106/554313/8370/8362/8342/8339/8344/8361/8348/8368/8345/8294/3018/8367/8360/8343/8346/8359/8366",125
"hsa05016","Human Diseases","Neurodegenerative disease","hsa05016","Huntington disease","166/2534","306/8764",3.27221820527034e-21,2.20547507035221e-19,1.29510952124384e-19,"4706/292/5439/1387/163/5689/7384/5704/9821/5685/1175/5431/841/4710/55102/6389/5289/7419/5978/23186/4708/5714/4713/2033/5706/5684/5700/5687/5688/5432/5713/5683/5599/5709/4717/23130/55626/4728/5715/506/1337/1347/55081/25981/10120/10213/374291/9167/2882/515/6390/1385/4709/317/1211/60673/10376/514/4694/5690/3831/1340/8678/22863/1350/10975/7277/7979/4698/5682/4705/11047/1327/1349/55860/51164/517/1329/4711/5695/11258/5330/10121/7385/4716/1213/6647/5694/5686/148327/54539/5440/4715/4718/498/522/2776/7381/26100/516/5710/5692/5701/1173/9861/4724/836/27089/1345/509/7417/5702/4714/7846/84790/4723/10476/5436/4725/7386/293/25942/3799/54205/7388/5707/126328/5708/10540/9776/1212/84617/1351/8408/4729/9377/1537/5430/64764/23236/161/4707/55967/6667/5719/10383/4697/203068/3066/5718/3064/4513/4519/4536/4540/2475/4512/4538/6392/4539/7416/4722/2876/539/4701/5691",166
"hsa05010","Human Diseases","Neurodegenerative disease","hsa05010","Alzheimer disease","195/2534","384/8764",2.55849704159806e-20,1.43702250503091e-18,8.43855164597254e-19,"572/4706/292/5689/7384/5704/823/637/9821/5685/5610/841/4710/55102/7132/1459/3028/6389/5743/369/5289/7419/4708/5714/4713/5594/7494/5706/5684/5700/5687/5688/1457/5713/3551/208/5683/1855/5599/5532/5709/4790/4717/23130/55626/4728/5715/4891/506/2597/1337/1347/1452/10213/374291/57142/9167/515/6390/51107/22926/4709/317/5533/5290/3709/60673/10376/514/4694/3553/5690/3831/1340/8678/22863/5605/1350/10975/7277/7979/468/4698/5682/348/4705/11047/1327/1349/5894/10313/1965/517/1329/4711/5695/5330/102/5530/64116/7385/4716/29985/351/207/5694/5686/805/5295/54539/4715/4718/6868/498/522/2776/7381/673/26100/516/5710/5692/8883/808/5701/23385/9861/4724/836/27089/1345/1536/509/7417/840/5702/4714/7846/84790/4723/10476/1499/4725/7386/5604/293/3799/3643/5293/54205/5970/7388/5707/488/126328/5708/1649/9776/84617/1351/8408/4729/9377/1537/23236/4707/55967/5719/8660/10383/4697/203068/4311/57181/5718/801/4513/4519/4536/4540/2475/4512/4538/6392/1460/4539/4893/1147/7416/4722/1454/5534/539/4701/5691",195
"hsa04613","Organismal Systems","Immune system","hsa04613","Neutrophil extracellular trap formation","115/2534","191/8764",9.58834554401411e-20,4.61610349761822e-18,2.71069016883406e-18,"292/4353/3683/9734/1535/9759/60/7419/5594/4689/83933/1511/79792/208/94239/10014/4790/1432/9555/4688/5290/8970/5605/5880/8520/5894/3021/5879/7097/5330/207/5295/3017/8365/653361/23569/3689/3020/3015/820/6850/1536/7417/5579/5604/293/2357/5293/5970/8334/8347/23236/653604/71/8338/317772/8349/8340/3014/3146/3066/8329/8969/3013/837/8364/8356/8363/728/8351/10533/1991/121504/85236/5336/2475/126961/440689/333932/7416/8341/55766/554313/8370/8362/8342/8339/8355/8344/8361/8348/8353/85235/8368/8330/8354/8345/8350/8294/8331/3018/8332/8367/3012/8360/8343/8968/8335/8346/8359/8336/8366/8357/8358/8352",115
"hsa04141","Genetic Information Processing","Folding, sorting and degradation","hsa04141","Protein processing in endoplasmic reticulum","104/2534","170/8764",1.10414249449164e-18,4.65120025804603e-17,2.73129985479511e-17,"7095/823/11231/3309/9709/8454/29927/55176/4287/23471/10294/6400/7321/3998/54431/56681/3320/3301/56605/23645/10961/23193/51726/3326/7494/9978/10484/80331/84061/5611/10273/10952/573/5599/7323/7466/3312/4121/6500/6747/4780/22926/6185/5887/64374/6745/821/468/1603/5589/7322/3337/7326/23480/1965/9695/746/3703/29979/10956/3300/56886/64215/79139/22872/10427/8720/10130/23190/10299/55768/6396/267/51035/84447/6746/201595/6184/7415/7184/2923/80700/10960/596/1649/9632/11253/811/5886/55432/6748/55666/7327/5034/10134/30001/10905/51465/58505/3304/3303/1388/81567/1650",104
"hsa05022","Human Diseases","Neurodegenerative disease","hsa05022","Pathways of neurodegeneration - multiple diseases","225/2534","476/8764",2.34316311710752e-18,8.77384411628037e-17,5.1522183159791e-17,"572/4706/292/5689/7384/5704/823/637/9821/5606/5685/3309/841/4710/4287/55102/7132/1459/3028/6389/5743/369/5289/7419/25978/2521/4708/5714/4713/5594/7494/5706/5684/5700/5687/5688/1457/5713/80208/5683/1855/5599/5532/5709/4790/4717/23130/55626/4728/5715/506/1337/1432/1347/1452/55081/25981/10120/10213/374291/27429/9167/2882/11315/515/9927/6390/22926/4709/317/5533/23435/847/3709/10133/60673/10376/514/4694/3553/5690/3831/1340/8678/22863/5605/1350/10975/7277/7979/468/4698/5682/10452/4705/11047/7317/1327/1349/55860/5894/7326/51164/1965/517/1329/5879/4711/10010/5695/79139/11258/5330/10121/5530/7385/81631/4716/6647/351/5694/5686/805/6233/5868/817/54539/4715/203228/7316/4718/498/522/2776/7381/9246/673/26100/516/5710/5692/808/8878/5701/9861/55255/4724/836/27089/1345/1536/7415/509/7417/840/5702/4714/5579/4218/7846/84790/4723/10476/1499/11273/4725/7386/5604/293/7314/3799/55669/596/5621/54205/5970/7388/5707/488/126328/5708/1649/10540/9776/84617/1351/8408/4729/9377/1537/7318/23236/4707/55967/7327/5719/7332/10383/4697/203068/5718/3064/801/4513/4519/4536/4540/2475/4512/51465/4538/6392/1460/6311/4539/4893/7416/4722/1454/5534/7311/2876/539/4701/5691",225
"hsa00190","Metabolism","Energy metabolism","hsa00190","Oxidative phosphorylation","87/2534","134/8764",3.42633248513095e-18,1.15467404748913e-16,6.78053165478545e-17,"4706/7384/51606/4710/537/6389/4708/4713/51382/64077/4717/4728/10312/506/1337/1347/8992/523/374291/9167/515/6390/533/4709/514/4694/1340/1350/10975/9296/4698/4705/529/1327/1349/517/1329/4711/9550/27068/7385/4716/54539/526/4715/4718/498/522/7381/516/9114/4724/27089/1345/509/4714/10632/4723/10476/4725/521/7386/54205/7388/126328/1351/4729/9377/1537/5464/4707/55967/23545/527/4697/4513/4519/4536/4540/4512/4538/6392/4539/4722/9551/539/4701",87
"hsa05171","Human Diseases","Infectious disease: viral","hsa05171","Coronavirus disease - COVID-19","129/2534","233/8764",1.10501060868121e-17,3.38393395144184e-16,1.98712972941142e-16,"6224/51121/23118/5610/6141/7132/6160/6193/6128/6175/5594/6122/4792/3551/6223/7297/6142/5599/6158/6143/4790/6164/6207/1432/6206/1839/6152/6209/6772/6146/6230/5290/6144/6125/2162/6204/3553/9349/3661/6192/25873/6155/3572/6210/11224/6194/7097/6176/51187/6229/6187/6205/23521/6135/6202/6233/6161/6189/6167/5295/6134/6129/6130/6188/2197/6868/6156/4599/103/6132/6154/6159/3716/200916/6133/115004/6208/6850/1536/6166/6157/5579/6137/3921/6774/3576/2353/6773/6203/5293/6227/6201/6169/5970/712/6124/6138/6181/3725/6232/6218/6165/3654/340061/51065/6228/9636/9045/728/6231/6168/1675/5336/6136/51135/6191/6147/4736/6170/1147/6235/10379/100526842/7311/6171/6222/6234/6173/6139",129
"hsa03013","Genetic Information Processing","Translation","hsa03013","Nucleocytoplasmic transport","74/2534","108/8764",1.20496164443033e-17,3.38393395144184e-16,1.98712972941142e-16,"5976/23279/7175/84321/55706/3843/55746/9984/7514/3842/81929/51194/10762/8086/23511/8563/22985/5411/8480/3839/9688/7329/30000/22794/3837/4927/4928/57122/9631/3836/7341/1434/57510/9972/79902/57187/8021/23039/23225/5901/29107/64328/10250/10526/11097/4686/53371/9818/9775/10284/26019/5903/25909/23165/1915/6396/10482/4116/80145/59343/65110/23214/51068/3838/10189/11260/6612/3840/6613/7919/10527/10921/9939/100101267",74
"hsa05131","Human Diseases","Infectious disease: bacterial","hsa05131","Shigellosis","133/2534","247/8764",7.67399179811963e-17,1.98933479689717e-15,1.16818660570566e-15,"823/960/7414/8454/23118/9474/63916/7132/387/6093/998/87/7321/23291/60/5289/55054/1399/5594/27128/9978/4792/10627/8767/3551/208/5599/6198/5216/9267/4790/7323/10094/1432/8936/6500/10096/9181/64121/103910/2309/5290/989/11335/3709/23157/3553/10616/3661/8678/22863/81/10095/1729/7322/3021/9475/4193/5879/10241/81873/7094/5330/10097/55752/81631/57521/207/375/6233/92610/5295/9140/10318/472/3688/2308/7316/831/9844/26100/10163/8878/3678/10092/3020/10109/115004/3611/4735/5747/3576/7314/5581/5293/596/54205/10892/5970/11146/3725/7334/81858/3059/23236/653604/71/340061/10801/23048/837/8356/8351/5336/2475/126961/333932/1147/7416/7311/10093/10552/7335/6352/8355/8353/8354/8350/102724594/8968/8357/8358/8352",133
"hsa05415","Human Diseases","Cardiovascular disease","hsa05415","Diabetic cardiomyopathy","113/2534","203/8764",7.25414810607212e-16,1.74617707981879e-14,1.02539837890343e-14,"4706/292/7384/1535/4710/6389/7419/4708/4713/4689/4318/2936/208/7040/7046/5599/4790/4717/4728/506/2597/1337/1432/1347/374291/9167/515/4688/6390/6513/1509/4709/5524/5290/514/4694/1340/1350/10975/5880/4698/4705/1327/1349/948/517/1329/5879/4711/5330/7385/4716/207/25874/142/817/5295/54539/4715/4718/498/522/7381/653361/516/7048/4724/27089/1345/1536/509/7417/4714/5579/4088/4723/10476/4725/7386/293/3643/5293/5728/5499/5970/7388/488/126328/4087/1351/4729/9377/1537/23236/4707/55967/6667/5501/4697/4513/4519/4536/4540/2475/4512/4538/6392/4539/7416/4722/5500/539/4701",113
"hsa04714","Organismal Systems","Environmental adaptation","hsa04714","Thermogenesis","124/2534","232/8764",1.8752269921397e-15,4.0265218101658e-14,2.3644732166521e-14,"23028/4706/7384/5606/57492/4710/6602/2182/6389/6605/60/2260/6595/2778/4708/4713/6598/6655/79133/7249/6009/6198/6603/4717/1374/4728/506/5564/1337/1432/1347/374291/55818/6654/9167/1386/515/6390/6195/8289/1385/4709/51780/113/2181/514/4694/1340/1350/10975/6597/4698/4705/1327/1349/5562/517/1329/4711/6194/109/6601/7385/4716/57521/5567/148327/54539/4715/4718/2180/498/522/137682/7381/516/4724/27089/1345/509/7248/4714/10818/10632/4723/10476/4725/521/7386/4881/6599/7388/126328/1351/6197/57104/2885/25915/4729/9377/1537/51287/64764/493753/4707/71/55967/4697/123096/4513/4519/4536/4540/2475/4512/4538/6392/4539/4893/4722/284184/9551/539/4701",124
"hsa05132","Human Diseases","Infectious disease: bacterial","hsa05132","Salmonella infection","130/2534","247/8764",1.91170174963362e-15,4.0265218101658e-14,2.3644732166521e-14,"4074/5606/26999/23118/63916/841/6416/7132/387/998/60/7879/1781/5289/1785/3320/5788/8655/3326/5594/27128/4792/10627/3839/8767/3551/79792/8677/208/5294/5599/5216/9267/5878/4790/329/10094/5869/2597/1432/6500/3836/10120/10096/23207/103910/8795/5290/5585/3071/10376/9367/1434/79026/3553/3831/5605/7277/51429/10095/60412/55860/5894/51164/55207/9475/1783/9648/5879/10006/7295/81873/11258/7097/10097/10121/51176/207/375/127829/388/5868/51143/6993/5058/6188/9844/55823/10092/10109/836/6990/840/7184/23339/7846/84790/1499/399/5604/3576/2353/3799/5293/596/54205/5970/10540/84617/391/3725/112574/23265/302/71/3654/3840/10383/203068/2316/837/1778/51135/1147/64601/9842/10093/10552/55845/23191",130
"hsa05208","Human Diseases","Cancer: overview","hsa05208","Chemical carcinogenesis - reactive oxygen species","119/2534","223/8764",8.21176086288669e-15,1.62786082987813e-13,9.55920149983095e-14,"572/4706/292/7384/1535/4710/6416/6389/369/7419/4708/25/4713/5594/6655/3091/4792/3551/208/25865/196/5599/4790/4717/4728/506/1337/1432/1347/374291/23683/6654/9167/4780/515/4688/6390/10327/2309/4709/847/5290/514/4694/1340/5605/1350/10975/4698/4705/1327/1349/5894/517/1329/5879/4711/7385/4716/5170/6647/207/4259/52/5295/54539/4715/9446/4718/498/522/7381/673/653361/516/4724/27089/1345/509/7417/4714/4723/10476/4725/7386/5604/293/5747/2353/5293/5728/5970/7388/126328/1351/3725/2885/4729/9377/1537/5781/4707/55967/4697/5770/4513/4519/4536/4540/4512/4538/6392/4539/4893/1147/7416/4722/539/4701",119
"hsa03010","Genetic Information Processing","Translation","hsa03010","Ribosome","97/2534","170/8764",1.02085159558305e-14,1.91126104284159e-13,1.12233976590417e-13,"6224/51121/55173/6141/6160/6193/6128/6175/6122/6223/6142/64983/6158/6143/6164/6207/6206/6152/11222/6209/6146/64960/6230/6144/6125/6204/9349/6192/25873/6155/6210/11224/6194/6176/51187/6229/6187/6205/23521/6135/6202/65005/6233/6161/6189/6167/6134/6129/6130/6188/2197/6156/6132/6154/6159/200916/6133/6208/6166/6157/54948/6137/3921/65008/6203/6227/6201/28998/6169/6124/6138/6181/6232/6218/6165/51065/6228/9045/219927/6231/6168/6136/6191/6147/4736/6170/6235/6150/100526842/7311/6171/6222/6234/6173/9553/6139/54460",97
"hsa04932","Human Diseases","Endocrine and metabolic disease","hsa04932","Non-alcoholic fatty liver disease","90/2534","155/8764",2.26497957733933e-14,4.01735851349134e-13,2.35909230215953e-13,"4706/7384/637/841/4710/7132/998/6720/6389/83737/4708/4713/7494/3551/208/7040/5599/4790/4717/4728/5564/1337/1432/1347/374291/9167/6390/4709/5290/4694/3553/1340/1350/10975/468/4698/4705/1327/1349/5562/1965/1329/5879/4711/7385/4716/207/5295/54539/4715/4718/7381/51094/4724/836/27089/1345/840/4714/4723/4725/7386/3576/2353/3643/5293/54205/5970/4296/7388/126328/1649/22877/1351/3725/4729/9377/1537/4707/9021/55967/8660/4697/4513/4519/4512/6392/4722/1050/4701",90
"hsa03082","Genetic Information Processing","Chromosome","hsa03082","ATP-dependent chromatin remodeling","73/2534","117/8764",3.94183424057762e-14,6.6419906953733e-13,3.90034124857154e-13,"9031/51773/57492/6602/54556/53615/6605/60/11176/6595/10847/6598/7528/5931/94239/10467/9275/6603/605/8099/1108/9555/8289/80314/9643/29994/8089/6597/54617/55274/26122/6601/6760/54107/9219/8467/125476/5928/64769/55193/3015/29117/54815/283899/1107/2186/10524/6599/8334/9112/10856/57634/71/8338/317772/10933/10445/3014/196528/8295/3066/8329/8969/3013/11177/55766/85235/8330/8331/8332/3012/8335/8336",73
"hsa04144","Cellular Processes","Transport and catabolism","hsa04144","Endocytosis","128/2534","250/8764",4.9018423352124e-14,7.866289842698e-13,4.61927999508738e-13,"381/163/6642/9135/9765/1175/116984/10565/387/55737/998/7037/9744/7251/7879/832/83737/1785/25978/64744/10890/2060/51510/27131/51324/9727/387680/27128/55738/128866/8766/7046/28964/9267/5878/64750/3312/10938/10094/51699/5869/60682/8724/23527/868/8723/10096/7456/829/9525/51019/7852/1211/10564/58533/3949/10095/5119/84313/116983/23111/4193/23325/51028/11311/274/8027/81873/10097/9101/9815/79720/1213/409/93343/6455/8394/375/5868/9922/30011/3561/56904/84364/50807/118813/137492/23362/80223/11267/51160/1173/10092/10109/7048/5584/9897/4088/4218/378/10015/3799/253725/156/4087/1212/80230/10193/9798/161/9230/9146/116985/2870/57154/830/3304/3303/3107/3133/3134/6643/3105/3106/10093/10552/26286/57132",128
"hsa03050","Genetic Information Processing","Folding, sorting and degradation","hsa03050","Proteasome","38/2534","46/8764",5.22283225721166e-14,8.00042941218331e-13,4.698050068688e-13,"5689/5704/5685/23198/5720/5714/5706/5684/5700/5687/5721/5688/5713/5683/5709/5715/10213/5690/7979/5682/11047/10197/51371/5695/5694/5686/5710/5692/5701/9861/5702/5707/5708/5719/5718/5696/5699/5691",38
"hsa04110","Cellular Processes","Cell growth and death","hsa04110","Cell cycle","90/2534","157/8764",6.5111465036961e-14,9.54024509454603e-13,5.60226792995363e-13,"8379/996/1387/1870/1663/29945/8454/23063/5525/4171/4175/5527/8556/5933/10403/23047/546/51433/23594/25/4616/4174/9978/2033/1869/10735/5934/4173/51343/7040/5518/1021/9126/7531/1027/26271/4172/896/6500/5515/7029/5000/10459/1647/7709/10274/894/23244/1017/9587/1026/7533/1032/23383/8881/5111/10971/902/23595/1019/4193/5925/51529/4089/890/113130/472/1111/64682/5529/9184/25836/9232/5885/7534/7465/4176/7529/4088/699/7532/983/545/4087/29882/51434/3066/7027/1874/5591",90
"hsa05322","Human Diseases","Immune disease","hsa05322","Systemic lupus erythematosus","81/2534","137/8764",1.16215864482316e-13,1.63186443043919e-12,9.5827116327524e-13,"87/6634/1511/94239/9555/6738/8970/6628/81/3021/6741/3017/8365/3020/3015/712/3119/8334/8347/653604/8338/317772/8349/8340/3014/3117/8329/8969/3013/8364/8356/8363/8351/1991/121504/85236/3127/126961/440689/333932/3111/3108/3122/3115/3113/8341/3109/55766/554313/8370/8362/8342/8339/8355/8344/8361/8348/8353/85235/8368/8330/8354/8345/8350/8294/8331/3018/8332/8367/3012/8360/8343/8968/8335/8346/8359/8336/8366/8357/8358/8352",81
"hsa04140","Cellular Processes","Transport and catabolism","hsa04140","Autophagy - animal","93/2534","167/8764",2.68847992355543e-13,3.62407093695272e-12,2.12814410790914e-12,"572/8837/3920/9821/11345/9474/81671/55102/7879/5289/55054/3476/5594/8897/3091/55578/7249/208/8887/6009/5599/9110/6198/23130/55626/5515/64689/57448/64121/1509/6794/5290/10133/60673/8678/22863/5605/440275/84971/5894/5562/1965/10241/10010/23710/81631/5170/57521/56270/207/5567/6233/64422/9711/5295/9140/203228/7316/57724/83734/26100/55823/8878/64419/55255/1508/7248/23339/4218/89849/54541/23192/5604/11337/7314/5293/596/5728/9776/8408/3916/8660/3146/1612/11152/10533/7405/2475/79065/4893/64601/7311/9842",93
"hsa05034","Human Diseases","Substance dependence","hsa05034","Alcoholism","101/2534","188/8764",5.29932868910712e-13,6.86874526241961e-12,4.0334971398872e-12,"9734/9759/369/2782/2778/5594/83933/6655/94239/10014/9555/2771/59345/6654/1386/1385/4852/8970/2354/468/8520/5894/3021/5567/148327/805/673/3017/8365/808/3020/3015/5604/2783/5499/2787/2788/2885/8334/8347/64764/653604/8338/317772/8349/8340/5501/3014/3066/8329/8969/3013/8364/8356/8363/8351/121504/85236/801/126961/440689/333932/4893/5500/1388/8341/2790/55766/554313/8370/8362/8342/8339/8355/8344/8361/8348/8353/85235/8368/8330/8354/8345/8350/8294/8331/3018/8332/8367/3012/8360/8343/8968/8335/8346/8359/8336/8366/8357/8358/8352",101
"hsa05169","Human Diseases","Infectious disease: viral","hsa05169","Epstein-Barr virus infection","105/2534","202/8764",2.87631607091598e-12,3.59006857740254e-11,2.10817708121717e-11,"3683/1870/695/5704/637/7431/960/5606/23118/5610/841/6416/29760/5714/4616/5706/22938/5700/4792/1869/5713/3551/208/7297/1021/5599/5709/4790/1027/1432/896/10213/6772/1647/965/7128/894/317/5290/51426/1017/1026/3661/7979/11047/1019/4193/5879/7097/9541/5925/207/890/5295/5710/5701/3716/9861/8819/836/6850/5702/567/2923/3516/6890/6774/25942/6773/5293/596/54205/5970/5707/5708/930/3725/811/3119/3654/3665/5719/7874/9636/9612/3066/3117/5718/5336/51135/3127/3111/3108/3122/3107/3133/3134/3105/1147/10379/3115/3113/6892/3106/3109",105
"hsa05166","Human Diseases","Infectious disease: viral","hsa05166","Human T-cell leukemia virus 1 infection","112/2534","222/8764",6.69423582150045e-12,8.05699097087732e-11,4.73126441519581e-11,"8379/996/292/1387/3683/1870/29945/6416/6688/7132/5423/6929/4775/1739/7419/7514/51433/4214/5902/5594/2033/4792/1869/3551/208/7040/7046/5599/5532/4790/896/8850/1386/6513/1385/894/1958/5533/113/5290/1017/1026/6776/5605/821/7538/468/8881/5901/1019/7094/109/5530/5925/51529/4089/207/5567/148327/890/5295/3561/472/1111/64682/9184/2114/2005/3689/2224/3716/7048/9232/7417/567/4088/5604/293/2353/5293/5728/10524/5970/6777/545/4087/29882/3725/811/3119/64764/8295/51434/3117/3127/4215/3111/3108/3122/3107/3133/3134/3105/4893/1147/7416/1388/5534/3115/3113/3106/3109",112
"hsa04218","Cellular Processes","Cell growth and death","hsa04218","Cellular senescence","85/2534","156/8764",1.39573223957228e-11,1.62193711977882e-10,9.52441600869651e-11,"292/1870/823/4361/5606/10758/4775/23291/7419/5933/54822/23411/4616/5594/4605/1869/7249/5934/4683/208/7040/1021/6009/7046/5532/4790/10114/1432/896/1647/2309/894/5533/5290/3709/1017/1026/5605/5894/1019/4193/5530/5925/207/805/890/5295/472/1111/2308/678/808/8878/5928/9261/204851/7048/7417/7248/4088/5604/293/3576/983/5293/5728/5499/5970/545/4087/677/5501/1978/801/2475/3107/3133/3134/1874/3105/4893/7416/5500/5534/3106",85
"hsa05017","Human Diseases","Neurodegenerative disease","hsa05017","Spinocerebellar ataxia","77/2534","143/8764",2.72835101236802e-10,3.06484763722674e-09,1.7997543520182e-09,"292/5689/5704/9821/5685/23369/4287/55102/5289/7419/23152/5714/7494/5706/5684/5700/5687/5688/10528/5713/208/5683/5599/5709/23130/55626/5715/10213/5290/3709/60673/5690/8678/22863/7979/5682/25814/11047/9698/5695/5330/2959/10939/207/5694/5686/5295/7436/2776/26100/5710/5692/5701/9861/7417/5702/5579/3516/11273/293/5293/54205/10524/5707/488/5708/9776/8408/23236/6667/5719/5718/2475/4976/6311/7416/5691",77
"hsa04137","Cellular Processes","Transport and catabolism","hsa04137","Mitophagy - animal","60/2534","103/8764",4.18049952886658e-10,4.5446075523485e-09,2.66870598107612e-09,"11345/1459/7879/10075/3091/1457/1869/665/23770/8887/5599/5878/64750/55626/5869/9927/2309/64786/51622/10133/8678/55288/468/10452/1965/9958/10241/9101/23710/81631/89941/6233/5868/221960/7316/9868/27342/267/8878/10370/7415/25820/11337/7314/55669/5970/9804/8408/3725/6667/6477/54543/57154/4976/79065/1460/4893/51024/11331/7311",60
"hsa05220","Human Diseases","Cancer: specific types","hsa05220","Chronic myeloid leukemia","48/2534","76/8764",5.15249044512614e-10,5.42621650002347e-09,3.18640856474906e-09,"572/1870/9846/369/25/4616/1399/5594/6655/4792/1869/3551/208/7040/1021/7046/4790/1027/6654/1647/5290/51426/1026/6776/5605/5894/1019/4193/5925/4089/207/5295/673/861/1487/7048/4088/5604/5293/5970/6777/1488/2885/5781/613/3066/4893/1147",48
"hsa05163","Human Diseases","Infectious disease: viral","hsa05163","Human cytomegalovirus infection","107/2534","225/8764",1.66653465933604e-09,1.70188539453408e-08,9.99389205598648e-09,"1870/637/841/7132/387/6093/4775/5743/9138/2782/2778/1399/5594/6655/4792/1869/7249/3551/208/1021/6009/6387/5532/6198/4790/3587/1432/2771/59345/6654/1386/1385/10672/2185/5533/113/5290/7852/3709/1026/3553/3661/5605/468/5880/5894/9475/1019/4193/5879/5330/109/5530/5925/207/5567/148327/805/5295/2768/2776/808/3716/836/115004/7248/5579/567/2923/1499/6890/6774/5604/5747/3576/11214/5734/5293/54205/2783/5970/2787/2788/2885/811/64764/23236/340061/6667/1978/801/2475/3107/3133/3134/3105/4893/1147/1388/5534/6892/3106/2790/6352/6351/6349/6348",107
"hsa05202","Human Diseases","Cancer: overview","hsa05202","Transcriptional misregulation in cancer","94/2534","193/8764",3.58720506466685e-09,3.55555325527274e-08,2.08790883020857e-08,"4353/2530/5218/6688/6929/4208/905/2521/4616/4318/84444/4066/1655/4790/7468/51274/329/1027/604/3398/1647/7709/4297/894/8013/51426/2322/1026/4149/904/3021/4005/4193/1025/55589/2120/1848/597/9611/6760/5546/64332/890/7403/472/2308/2313/3087/7102/2078/2005/861/5966/3020/7048/1669/5090/648/25942/5747/3576/221037/1051/4299/5970/3728/1649/2130/653604/6667/5079/8464/3066/8356/8351/1991/8861/126961/333932/1667/1668/728358/2119/1050/100532731/8148/8355/8353/8354/8350/8968/8357/8358/8352",94
"hsa05161","Human Diseases","Infectious disease: viral","hsa05161","Hepatitis B","82/2534","162/8764",3.73017058988865e-09,3.59162139654993e-08,2.10908893503478e-08,"572/843/1387/1870/637/5606/23118/841/6416/537/4775/369/7419/4214/3717/5594/2033/6655/4792/4318/1869/3551/208/7040/7297/7046/5599/4790/1432/6772/6654/1386/1385/317/2185/5290/1017/1026/3661/6776/5605/468/5894/5111/10971/7097/5925/4089/207/148327/890/5295/673/3716/7048/836/7534/5579/6778/7529/4088/1642/6774/5604/3576/2353/6773/5293/596/54205/5970/6777/3725/2885/64764/3654/3665/51135/4893/1147/1388/1654",82
"hsa04145","Cellular Processes","Transport and catabolism","hsa04145","Phagosome","77/2534","152/8764",1.06515538789157e-08,9.97103793665164e-08,5.85524014396535e-08,"4074/4353/3920/51606/9341/1535/29927/55176/537/7037/60/7879/1781/5289/4689/51382/11151/10952/5878/10312/5869/8992/523/200576/4688/533/23673/10376/821/7277/9296/529/23480/948/1783/5879/9550/7097/5868/51143/526/3688/653361/9114/3689/3678/1520/1536/7846/84790/6890/53407/84617/811/3119/71/23545/9146/527/3916/2204/10383/203068/3117/1778/3127/3111/3108/3122/3107/3133/3134/3105/3115/3113/3106/3109",77
"hsa04120","Genetic Information Processing","Folding, sorting and degradation","hsa04120","Ubiquitin mediated proteolysis","73/2534","142/8764",1.14544848114196e-08,1.04328685985092e-07,6.12643853356155e-08,"996/9690/55236/8554/8452/29945/8454/7321/23291/7319/9063/83737/10075/51433/4214/997/23759/9978/23295/10273/7329/6923/8925/51366/51343/8453/64750/7323/329/9354/6500/7337/868/57448/10054/8924/8881/7317/7322/7326/4193/8451/92912/51529/10055/64326/6233/9039/26091/7316/64682/9320/9246/8450/84447/8065/1642/7324/7314/29882/7334/7318/7325/140739/9021/7327/7332/6477/51434/55958/57154/51465/7311",73
"hsa03015","Genetic Information Processing","Translation","hsa03015","mRNA surveillance pathway","55/2534","98/8764",1.41380382007286e-08,1.25382075622251e-07,7.36274565578108e-08,"5976/5525/26986/26528/29894/5527/2521/10914/8761/22985/8106/5411/8731/2935/5518/22794/11052/8732/10767/5515/9887/2107/23435/8189/29107/10250/55339/4686/9775/81608/79869/10284/26019/124540/5529/23049/29101/10482/4116/80335/51585/11051/28227/65110/10978/5499/55844/10189/5501/7919/23381/10921/5500/5520/9939",55
"hsa05167","Human Diseases","Infectious disease: viral","hsa05167","Kaposi sarcoma-associated herpesvirus infection","92/2534","194/8764",2.76295105435642e-08,2.38747309055926e-07,1.40198326104995e-07,"1387/1870/637/3459/5610/841/6416/7132/4775/5743/5289/2782/2920/3717/5594/2033/3091/4792/1869/3551/208/7297/1021/5294/5599/5532/4790/9976/1432/59345/6772/1385/5533/5290/3709/57580/1026/3661/8678/22863/5605/7538/5894/3572/1019/5879/51176/5530/5925/81631/23533/207/805/6233/64422/5295/7316/1827/808/3716/9261/836/6850/1499/6774/5604/3576/7314/2353/6773/5293/54205/2783/5970/2787/2788/3725/3665/5336/801/2475/3107/3133/3134/3105/4893/1147/10379/5534/7311/3106/2790",92
"hsa04662","Organismal Systems","Immune system","hsa04662","B cell receptor signaling pathway","51/2534","90/8764",3.06962405696354e-08,2.58615826799178e-07,1.51865611239249e-07,"974/695/933/4775/29760/5594/6655/4792/3551/10859/208/973/5532/4790/975/5777/6654/5533/5290/5605/5880/10288/5894/10451/5879/640/971/5530/7409/207/5295/55024/118788/6850/3636/5579/3635/5604/2353/5293/10892/5970/930/3725/2885/8519/5336/4893/1147/5534/11027",51
"hsa03083","Genetic Information Processing","Chromosome","hsa03083","Polycomb repressive complex","48/2534","83/8764",3.23604642345482e-08,2.65987230415677e-07,1.56194281799617e-07,"1387/3720/22955/10138/7321/84678/2033/7528/5931/2146/2145/7323/5252/6500/26147/6045/11335/4149/7322/1912/54881/3607/8535/22823/8473/10600/64319/26053/5928/23429/8314/51460/648/171023/22992/80012/23269/23512/84333/10336/7874/84458/3066/7027/57713/55777/1460/100532731",48
"hsa04068","Environmental Information Processing","Signal transduction","hsa04068","FoxO signaling pathway","67/2534","131/8764",5.9198235961584e-08,4.74995369501281e-07,2.78929031598441e-07,"1387/11345/369/51701/23411/4616/5594/2033/6655/6789/5934/9455/3551/208/7040/7046/5599/1027/5564/1432/604/6654/1647/6794/6446/2309/894/847/5290/1017/1026/8698/3276/5605/10365/1032/5894/5562/4193/23710/5170/4089/207/10733/5295/9140/472/2308/673/7048/5896/4088/6774/3575/5604/11337/3643/5293/5728/1263/5897/2885/8660/7874/4893/1147/1454",67
"hsa03018","Genetic Information Processing","Folding, sorting and degradation","hsa03018","RNA degradation","45/2534","78/8764",9.59416146498222e-08,7.51914514813723e-07,4.41542804263564e-07,"23644/23517/26986/2023/56915/22803/8761/23658/2027/1656/4848/11044/3313/54464/64282/5393/23019/51690/25804/694/9924/246175/80349/5073/10140/5211/3329/84186/255967/10950/9337/7832/115752/5394/167227/170506/27257/54512/25904/9652/29883/6499/57819/118460/55802",45
"hsa03040","Genetic Information Processing","Transcription","hsa03040","Spliceosome","98/2534","217/8764",1.98398383246419e-07,1.51955125350099e-06,8.92318087328394e-07,"9716/84321/9410/11338/1659/56949/6626/9984/51729/55696/10992/2521/3183/988/4670/10291/6634/4809/84844/22938/6430/22985/24148/51340/6625/26121/8896/23658/1655/9343/1665/3312/8683/6428/10915/51639/23451/6432/6429/10286/9129/58517/10285/6431/11017/6631/57187/6633/6628/6629/51690/25804/6627/56259/84991/3178/6426/6434/4686/9785/9775/10907/6637/23020/9879/27316/51503/3192/6427/4116/23350/29896/10569/3190/8559/51362/10713/5093/83443/220988/10465/10594/9416/22827/6635/10946/10189/10772/23450/55660/11325/7919/3304/3303/57819/10929/9939/102724594",98
"hsa05135","Human Diseases","Infectious disease: bacterial","hsa05135","Yersinia infection","68/2534","137/8764",2.10576148354714e-07,1.57698137767863e-06,9.26042476975116e-07,"5606/3937/23118/63916/5586/6416/387/6093/998/4775/60/9138/2533/1399/5594/4792/8874/3551/208/5599/4790/10094/1432/7535/10096/3676/7456/6195/2185/5290/5585/3553/3661/5605/5880/10095/10451/9475/5879/81873/10097/9815/7409/207/8394/5295/3688/9844/2776/10163/3678/10092/10109/5604/5747/3576/2353/5293/5970/391/6197/3725/71/3654/51135/1147/10093/10552",68
"hsa05170","Human Diseases","Infectious disease: viral","hsa05170","Human immunodeficiency virus 1 infection","95/2534","212/8764",4.72987164348831e-07,3.46514509533818e-06,2.03481892214142e-06,"572/637/5606/8454/23118/841/7132/4775/23291/2782/1399/5594/162/9978/4792/25939/6923/3551/208/5599/5532/6198/4790/1432/6500/2771/59345/2185/5533/5290/7852/3709/3661/5605/5880/684/5894/5879/7097/5530/8451/207/805/5295/5058/472/1111/2776/8450/808/836/115004/8065/7465/5579/567/164/2923/1642/6890/5604/5747/983/2353/5293/596/54205/2783/1072/5970/2787/545/2788/3725/811/5062/8905/3654/340061/5336/51135/801/2475/3107/3133/3134/3105/4893/1147/8906/5534/6892/3106/60489/2790",95
"hsa04136","Cellular Processes","Transport and catabolism","hsa04136","Autophagy - other","23/2534","32/8764",5.852766832835e-07,4.19655834609659e-06,2.46432287698316e-06,"11345/9474/55102/5289/55054/3476/23130/5515/60673/8678/84971/23710/57521/64422/9140/83734/26100/23192/11337/9776/10533/2475/79065",23
"hsa05152","Human Diseases","Infectious disease: bacterial","hsa05152","Tuberculosis","82/2534","180/8764",1.26702536863262e-06,8.89557394227483e-06,5.22370108120465e-06,"572/843/1387/3920/637/972/3459/51606/841/8625/7132/387/537/7879/5289/3717/5594/2033/11151/8767/208/7040/5599/5532/5878/4790/3587/10312/5869/1432/3313/6772/533/1509/1385/317/5533/3553/4046/5894/7097/5530/207/5993/805/3329/5868/817/3460/9114/808/3689/3716/1520/820/836/6850/596/54205/10892/1051/5970/1263/7096/8877/3119/4261/3654/23545/527/3916/3117/51135/3127/801/3111/3108/3122/5534/3115/3113/3109",82
"hsa05221","Human Diseases","Cancer: specific types","hsa05221","Acute myeloid leukemia","38/2534","67/8764",1.70293292197441e-06,1.17120080552118e-05,6.87758086640579e-06,"572/4353/6688/369/5594/6655/11040/3551/208/6198/4790/6654/5290/2322/6776/5605/5894/5292/51176/1848/597/207/890/5295/673/861/6774/5604/5293/5970/6777/3728/2885/1978/2475/4893/1147/1050",38
"hsa05100","Human Diseases","Infectious disease: bacterial","hsa05100","Bacterial invasion of epithelial cells","42/2534","77/8764",2.00346586147766e-06,1.35033599063594e-05,7.92950698858526e-06,"7414/1495/63916/387/998/60/1785/1399/2549/10094/8936/10096/10459/5290/1211/23157/10095/5879/81873/10097/55752/1213/5295/3688/9844/10163/3678/10092/10109/3611/1499/4735/5747/5293/1212/391/3059/71/10801/23607/10093/10552",42
"hsa05417","Human Diseases","Cardiovascular disease","hsa05417","Lipid and atherosclerosis","94/2534","215/8764",2.0595457575581e-06,1.36091552999427e-05,7.99163266090655e-06,"572/637/5606/3309/1535/23118/841/6416/7132/387/998/4775/9138/3320/2920/3326/3717/5594/7494/4689/4792/4318/57534/3551/208/5599/5532/4790/3312/1432/4780/4688/22926/317/8795/5533/5290/3553/3661/5908/468/3949/1965/10451/9475/948/5879/10010/7097/5330/5530/5170/7409/207/5451/805/3329/817/5295/7436/653361/808/9619/836/19/1536/840/7184/6774/5747/3576/2353/3308/5293/596/54205/5970/1649/3725/23236/3654/3665/142678/30001/51135/801/3304/3303/4893/1147/5534/6352/6349/6348",94
"hsa03250","Genetic Information Processing","Information processing in viruses","hsa03250","Viral life cycle - HIV-1","36/2534","63/8764",2.50305645143231e-06,1.62217312333209e-05,9.52580187994483e-06,"1387/27125/7251/905/7514/6598/2033/51497/25939/128866/11052/8850/22936/9525/7852/9972/904/684/5901/10955/1025/79869/636/5903/4599/256987/11168/10015/7469/9146/25920/6829/5478/7936/6827/60489",36
"hsa05212","Human Diseases","Cancer: specific types","hsa05212","Pancreatic cancer","41/2534","76/8764",3.85038869500893e-06,2.44826601927926e-05,1.43768237271436e-05,"572/1870/998/369/4616/5594/1869/3551/208/7040/1021/7046/5599/6198/4790/6772/1647/5290/51426/1026/5880/9459/5894/1019/5879/5925/4089/207/5295/673/5900/3716/7048/4088/6774/5604/5293/5970/4087/2475/1147",41
"hsa05210","Human Diseases","Cancer: specific types","hsa05210","Colorectal cancer","45/2534","86/8764",3.94299731381693e-06,2.46072239769686e-05,1.44499706627209e-05,"572/387/4292/369/4436/4616/5594/6655/208/7040/7046/5599/6198/6654/2956/1647/5290/51426/1026/5605/5880/5894/5879/51176/4089/5366/207/5295/26060/673/5900/7048/836/4088/1499/5604/2353/5293/596/54205/4087/3725/2885/2475/4893",45
"hsa05110","Human Diseases","Infectious disease: bacterial","hsa05110","Vibrio cholerae infection","30/2534","50/8764",4.38269339872814e-06,2.68539577340251e-05,1.57693083054716e-05,"51606/29927/6558/55176/537/60/2778/51382/10945/10952/10312/8992/523/533/9414/9296/529/23480/11014/9550/109/5567/375/526/9114/71/23545/527/30001/5336",30
"hsa05211","Human Diseases","Cancer: specific types","hsa05211","Renal cell carcinoma","38/2534","69/8764",4.49361953264097e-06,2.69325487708689e-05,1.58154589065231e-05,"572/1387/998/369/2271/1399/5594/9978/2033/6655/3091/6923/208/7040/2889/8453/2549/6654/6513/5290/1026/5605/5908/5894/54583/5879/207/5546/5295/5058/673/5604/5293/3725/2885/5781/5062/4893",38
"hsa05164","Human Diseases","Infectious disease: viral","hsa05164","Influenza A","77/2534","171/8764",4.55535691376715e-06,2.69325487708689e-05,1.58154589065231e-05,"292/1387/637/3459/5610/841/7132/60/7514/3717/5594/2033/8106/4792/8480/5611/8766/3551/208/11100/7297/1021/4790/4928/896/3836/6772/317/8795/7706/5290/3553/3661/5605/3337/5894/29107/1965/1019/10241/207/5295/4599/3460/103/2224/10482/3716/836/5579/5604/293/3576/6773/5293/54205/5970/3119/4261/3838/71/9021/9230/3665/3117/51135/3127/3111/3108/3122/1147/7416/10379/3115/3113/3109/6352",77
"hsa05215","Human Diseases","Cancer: specific types","hsa05215","Prostate cancer","49/2534","97/8764",5.49880288896393e-06,3.19499409238077e-05,1.87617957010022e-05,"572/1387/1870/2260/369/3320/2950/3326/5594/2033/6655/4792/4318/1869/3551/208/4790/1027/6654/1385/5290/1017/1026/5605/468/5894/4193/51176/5925/5170/207/148327/5295/2308/2078/673/7184/1499/5604/5293/596/5728/5970/2885/64764/2475/4893/1147/2119",49
"hsa05120","Human Diseases","Infectious disease: bacterial","hsa05120","Epithelial cell signaling in Helicobacter pylori infection","38/2534","70/8764",7.11044154159398e-06,4.06138779579181e-05,2.38494738594053e-05,"51606/6416/998/537/2920/51382/4792/1445/3551/5599/28964/4790/10312/1432/1839/8992/523/533/9296/529/5879/9550/102/526/5058/6868/50848/9114/836/3576/5970/3725/5781/23545/527/5336/1147/6352",38
"hsa04722","Organismal Systems","Nervous system","hsa04722","Neurotrophin signaling pathway","57/2534","119/8764",8.16663995394353e-06,4.58692944079828e-05,2.6935584409498e-05,"572/387/998/11213/4214/25/1399/5594/6655/4792/8767/3551/208/2889/5599/7531/4790/2549/10019/397/1432/6654/6195/2309/5290/5605/5908/468/5894/6272/57498/5879/5170/396/207/805/817/5295/673/808/9261/10818/5604/10782/5293/596/5970/6197/3725/2885/5781/3654/5336/51135/801/4215/4893",57
"hsa04150","Environmental Information Processing","Signal transduction","hsa04150","mTOR signaling pathway","70/2534","156/8764",1.41368485616916e-05,7.81002945129519e-05,4.58624250146336e-05,"51606/1975/7132/387/55437/81929/5594/9681/6655/51382/9894/9663/79726/7249/8140/3551/208/2887/6009/1855/6198/523/6654/64121/6195/6794/6446/79109/5290/5605/9296/6249/529/5894/5562/10542/23175/51719/9550/6194/5170/57521/207/5295/51256/526/55004/1977/6396/673/253260/54468/7248/5579/6520/54541/5604/3643/5293/5728/8408/6197/2885/1978/389541/2475/4893/1147/96459/92335",70
"hsa04217","Cellular Processes","Cell growth and death","hsa04217","Necroptosis","71/2534","159/8764",1.50836132447823e-05,8.19867365079295e-05,4.81446398984562e-05,"8837/292/823/637/3459/5610/841/7132/7419/3320/1540/25978/51510/2512/10059/54822/3326/3717/5836/128866/7297/94239/5599/329/9555/6772/7128/9525/8795/3553/10616/6776/5119/2752/142/817/2746/3460/8878/3716/3015/1536/7417/6778/2495/6774/293/6773/596/6777/81858/8334/8338/317772/3014/3146/5478/8329/8969/3013/7416/10379/55766/57132/85235/8330/8331/8332/3012/8335/8336",71
"hsa04659","Organismal Systems","Immune system","hsa04659","Th17 cell differentiation","52/2534","108/8764",1.6764101544054e-05,8.85964494105392e-05,5.20260268286159e-05,"3459/4775/3566/3320/3326/3717/5594/3091/4792/3551/7040/7297/196/7046/5599/5532/4790/1432/7535/6772/5533/3553/6776/3572/3662/5530/4089/3561/3460/861/3716/7048/6778/4088/6774/2353/5970/6777/4087/3725/3119/3117/3127/2475/3111/3108/3122/1147/5534/3115/3113/3109",52
"hsa05140","Human Diseases","Infectious disease: parasitic","hsa05140","Leishmaniasis","40/2534","77/8764",1.68254384637226e-05,8.85964494105392e-05,5.20260268286159e-05,"3459/1535/23118/5743/3717/5594/4689/4792/7040/4790/5777/1432/3676/6772/4688/3553/7097/3688/1915/653361/3460/3689/3716/1536/5579/2353/5970/65108/3725/3119/3654/3117/51135/3127/3111/3108/3122/3115/3113/3109",40
"hsa04910","Organismal Systems","Endocrine system","hsa04910","Insulin signaling pathway","62/2534","137/8764",3.13319772878527e-05,0.000162444251477021,9.53912830788067e-05,"572/5577/5256/3632/6720/369/8569/2872/1399/5594/6655/5836/5257/7249/3551/208/6009/2889/5599/6198/5573/5564/868/6654/8835/5290/5605/5894/5562/6194/10211/5170/57521/207/5567/805/5295/2308/1977/5140/673/808/5584/3636/7248/5604/2194/3643/5293/5499/2885/23265/9021/8660/5501/1978/5770/801/2475/4893/5500/31",62
"hsa04211","Organismal Systems","Aging","hsa04211","Longevity regulating pathway","44/2534","89/8764",3.25579939210143e-05,0.000166243090172452,9.76220551379695e-05,"9821/9474/27244/23411/7249/208/6009/6198/4790/5564/1386/6794/1385/2309/113/847/5290/60673/468/5562/109/57521/207/5567/148327/5295/143686/2308/1977/26060/51094/7248/3643/5293/5970/9776/8408/79813/64764/8660/1978/2475/4893/1388",44
"hsa04666","Organismal Systems","Immune system","hsa04666","Fc gamma R-mediated phagocytosis","47/2534","97/8764",3.43488211998646e-05,0.000172769443945588,0.00010145449152513,"9846/998/1785/5788/1399/5594/208/6198/10094/8936/10096/5290/7408/5880/10095/5894/10451/5879/274/81873/10097/7409/207/8394/5295/2934/5058/50807/10163/653361/10092/10109/6850/3636/5579/3635/5604/5581/5293/1072/65108/8877/8398/5336/10093/10552/4082",47
"hsa04210","Cellular Processes","Cell growth and death","hsa04210","Apoptosis","61/2534","135/8764",3.83209677893242e-05,0.000189914208014739,0.000111522321120634,"572/843/8837/823/637/841/7132/60/4616/5594/4792/143/3551/208/835/5599/4790/1075/329/4001/27429/1647/1509/317/8795/5290/3709/10376/5605/7277/468/5894/1965/597/5170/5366/207/4170/142/5295/472/4000/1520/836/1508/840/7846/84790/5604/2353/5293/596/54205/5970/1649/3725/71/56616/3563/4893/1147",61
"hsa05145","Human Diseases","Infectious disease: parasitic","hsa05145","Toxoplasmosis","52/2534","111/8764",4.31013549231299e-05,0.000210509516073837,0.000123616395507985,"572/240/3459/5606/23118/841/7132/3655/3717/5594/4792/3551/208/7040/7297/5294/5599/4790/3312/3587/329/1432/2771/6772/3949/7097/5170/23533/207/3688/3460/3716/836/6774/596/54205/5970/3119/4261/3654/3117/51135/3127/3111/3108/3122/3304/3303/1147/3115/3113/3109",52
"hsa05223","Human Diseases","Cancer: specific types","hsa05223","Non-small cell lung cancer","37/2534","72/8764",4.70289303383697e-05,0.000226410707486151,0.000132953968475391,"572/1870/11186/369/4616/5594/6655/6789/1869/208/1021/6654/1647/2309/5290/51426/1026/6776/5605/5894/1019/5925/5170/207/27436/5295/673/5579/6774/5604/3799/5293/6777/2885/2272/5336/4893",37
"hsa03030","Genetic Information Processing","Replication and repair","hsa03030","DNA replication","22/2534","36/8764",5.64780413207286e-05,0.000268071829930782,0.000157418410204551,"23649/5981/5424/4171/4175/4174/4173/3978/6742/5425/5985/4172/6118/5111/5983/79621/5558/54107/4176/84153/57804/5557",22
"hsa04612","Organismal Systems","Immune system","hsa04612","Antigen processing and presentation","39/2534","78/8764",6.54778875087557e-05,0.000306472890145148,0.000179968462743364,"972/3309/8625/3320/5720/3326/5641/5721/3312/1385/821/10197/5993/1520/1508/567/2923/6890/3308/811/3119/4261/3117/3127/3111/3108/3122/3304/3303/3107/3133/3134/3105/10437/3115/3113/6892/3106/3109",39
"hsa05235","Human Diseases","Cancer: overview","hsa05235","PD-L1 expression and PD-1 checkpoint pathway in cancer","43/2534","89/8764",7.95853564896885e-05,0.000367400892288014,0.000215746892863179,"3459/5606/1459/4775/3717/5594/3091/4792/1457/3551/208/5532/6198/4790/5777/1432/7535/6772/5533/5290/5605/5894/7097/5530/207/27436/5295/3460/3716/6774/5604/2353/5293/5728/5970/3725/5781/2475/4215/1460/4893/1147/5534",43
"hsa05162","Human Diseases","Infectious disease: viral","hsa05162","Measles","61/2534","138/8764",8.4443988879398e-05,0.000384562489896718,0.000225824607529542,"572/637/23118/5610/841/1459/27102/4792/1457/3551/208/7297/1021/5599/4790/3312/1027/896/868/6772/4179/7128/894/317/5290/1017/9367/3553/3661/6776/440275/1965/1019/7097/207/5295/4478/3561/8667/4599/103/3716/836/6774/2353/6773/5293/596/54205/5970/6777/3725/3654/3665/51135/3304/3303/1460/10399/1147/10379",61
"hsa04621","Organismal Systems","Immune system","hsa04621","NOD-like receptor signaling pathway","78/2534","186/8764",8.58847293504002e-05,0.000385908717214465,0.000226615145514039,"11345/1535/23118/9474/841/5586/7158/387/7419/3320/2920/55054/7205/10059/22861/54822/3326/5594/4792/8767/3551/79792/7297/22900/10135/5599/7531/4790/329/1432/55914/6772/9927/7128/3709/5585/3553/10616/3661/10010/7295/5330/23710/81631/7226/9140/140609/115362/3716/115361/118429/3428/820/1508/1669/1536/7417/3576/11337/6773/55669/596/5970/3725/81858/23236/340061/3665/837/51135/1667/1147/7416/63940/10379/1668/728358/6352",78
"hsa00513","Metabolism","Glycan biosynthesis and metabolism","hsa00513","Various types of N-glycan biosynthesis","24/2534","42/8764",0.000118901773047465,0.000527235493644678,0.000309605724832733,"2530/3074/11320/2683/79868/84061/4121/4124/6185/1603/4245/746/3703/11282/201595/6184/4247/284004/11253/4122/10905/58505/3073/1650",24
"hsa04520","Cellular Processes","Cellular community - eukaryotes","hsa04520","Adherens junction","44/2534","93/8764",0.00012276197698867,0.000537282938249113,0.0003155058328622,"889/1387/2534/7414/1495/387/6093/1459/998/87/60/2260/51701/5594/2033/1457/10627/7046/64750/5777/8936/103910/5908/5880/5819/4301/81/9475/5879/83605/51176/8826/4089/52/10163/7048/4088/1499/3643/71/5770/1500/57154/1460",44
"hsa04142","Cellular Processes","Transport and catabolism","hsa04142","Lysosome","58/2534","132/8764",0.000152436751351727,0.000658604938532462,0.000386749112741224,"4074/3920/3423/51606/3074/5476/8943/9741/10947/537/84572/26088/162/1511/5641/2717/23062/23312/427/4125/20/3988/4126/1075/10312/4891/79158/533/1509/10577/1211/6272/10717/967/8763/2799/950/1213/4864/9114/7805/1520/1508/164/2990/1657/1212/1176/8905/26985/23545/527/3916/9516/9583/5660/3073/8906",58
"hsa04071","Environmental Information Processing","Signal transduction","hsa04071","Sphingolipid signaling pathway","54/2534","121/8764",0.000155945067164089,0.000665234020687315,0.000390641873775466,"2534/637/9846/8439/5525/7132/387/6093/5527/10558/5594/9517/4363/427/208/5518/5599/4790/1432/5515/2771/1509/10672/5290/8698/5605/5880/5894/9475/6610/5879/5330/5170/207/29956/8560/5295/2768/5529/2776/5579/28227/5604/5581/5293/596/5728/253782/5970/55844/8877/23236/4893/5520",54
"hsa05130","Human Diseases","Infectious disease: bacterial","hsa05130","Pathogenic Escherichia coli infection","81/2534","198/8764",0.000171712815616954,0.000717621492740073,0.000421405093347286,"2534/26999/23118/841/7132/387/6093/998/60/9138/7430/25/5594/27128/4627/4792/3551/5599/9267/9368/4790/10094/2597/5777/1432/8936/4691/10096/7456/9181/10672/8795/3071/10376/3553/7277/55930/10095/9475/5879/10006/81873/10097/10427/7009/4542/375/2768/5058/6188/3688/10163/10092/10109/836/840/7846/84790/3576/2353/10972/54205/5970/84617/9632/3725/5781/3059/5062/71/3654/10383/203068/837/4644/51135/1147/10093/10552/55845/23191",81
"hsa03060","Genetic Information Processing","Folding, sorting and degradation","hsa03060","Protein export","19/2534","31/8764",0.000172484691133371,0.000717621492740073,0.000421405093347286,"7095/11231/3309/29927/55176/6729/6449/10952/28972/60559/23480/6727/6726/6728/5018/6731/6734/7917/51608",19
"hsa04380","Organismal Systems","Development and regeneration","hsa04380","Osteoclast differentiation","61/2534","141/8764",0.000176929827205698,0.000727138436199026,0.000426993677980375,"695/2534/7305/3459/9846/3937/1535/23118/6688/7132/2355/1540/29760/5594/4689/4792/3551/10859/208/7040/7297/7046/5599/5532/4790/1432/6772/4688/1385/5533/5290/3709/3553/2354/3727/10288/5879/5530/207/5295/653361/3460/8878/3716/7048/6850/5604/2353/6773/3726/5293/5970/488/3725/2885/9021/5336/1147/10379/5534/11027",61
"hsa04148","Cellular Processes","Transport and catabolism","hsa04148","Efferocytosis","66/2534","156/8764",0.000215841329024948,0.000876367805800089,0.000514624855506534,"240/23200/23250/4775/5743/8578/7879/23411/3717/1399/5594/3091/286410/7040/3988/5878/1374/5869/5777/1432/55754/4953/6513/1385/6446/383/51552/1788/10396/5605/7376/948/9392/5879/102/1847/5868/817/6868/6566/9844/23355/1844/55823/9261/836/19/840/23339/8754/7386/5604/5747/5734/1051/682/712/488/8877/196527/811/5781/8398/961/64601/100133941",66
"hsa04216","Cellular Processes","Cell growth and death","hsa04216","Ferroptosis","23/2534","41/8764",0.000239747323961528,0.000961843430655176,0.00056481825695197,"9474/2182/7037/7419/2512/2937/4891/2181/6303/64116/81631/112483/2180/1536/7417/2879/2495/6520/5093/5621/5094/10533/8031",23
"hsa04660","Organismal Systems","Immune system","hsa04660","T cell receptor signaling pathway","53/2534","121/8764",0.000317001165658115,0.00125681638619747,0.000738033673606509,"2534/3937/5525/387/998/4775/1739/5527/5788/5594/6655/4792/3551/208/5518/5599/5532/1326/4790/5777/1432/5515/868/7535/6654/5533/5290/5605/5894/10451/1019/5530/5170/7409/207/5295/5058/5529/28227/5604/2353/5293/10892/5970/55844/3725/2885/5781/5062/4893/1147/5534/5520",53
"hsa04670","Organismal Systems","Immune system","hsa04670","Leukocyte transendothelial migration","50/2534","115/8764",0.000570256087239169,0.0022346081558093,0.00131221718973028,"4267/3683/7414/1495/1535/387/6093/998/87/60/7430/4689/394/4318/10627/6387/1432/2771/3676/4688/103910/2185/5290/7852/7408/5908/5880/4301/81/10451/9475/5879/7409/5295/4478/3688/653361/50848/3689/1536/5579/1499/399/5747/5293/5781/71/5336/1500/6494",50
"hsa05160","Human Diseases","Infectious disease: viral","hsa05160","Hepatitis C","65/2534","158/8764",0.000605795296491944,0.00234658637836535,0.00137797357217768,"572/8837/1870/637/8554/5610/841/7132/369/27102/5594/6655/4792/1869/3551/3646/208/7297/5518/1021/7531/4790/975/5515/6772/6654/317/5290/1017/1026/3661/5605/7533/440275/3949/10197/5894/1965/10971/1019/5925/207/5295/4599/673/3716/836/7534/7529/1499/6774/5604/7532/6773/5293/54205/5970/55844/2885/9021/3665/4893/1147/10379/5520",65
"hsa04152","Environmental Information Processing","Signal transduction","hsa04152","AMPK signaling pathway","52/2534","121/8764",0.000624132318554734,0.0023901430835562,0.00140355114698911,"23216/5525/6720/5527/55437/10890/23411/7249/5862/208/5518/6009/6198/1374/5564/5515/6794/1385/2309/51552/5290/5562/948/51719/5170/57521/5211/207/148327/890/5295/2308/5529/51094/7248/28227/4218/1938/2194/5209/3643/5293/55844/8408/64764/9230/8660/1978/2475/5520/92335/31",52
"hsa05142","Human Diseases","Infectious disease: parasitic","hsa05142","Chagas disease","45/2534","102/8764",0.000723217200772262,0.00273847411977811,0.00160809974861248,"8837/3459/2769/841/6416/7132/2778/5594/4792/3551/208/7040/5518/7046/5599/4790/1432/5515/2771/5290/3553/7097/5330/207/5295/2776/3460/7048/3576/2353/5293/5970/712/4087/55844/3725/811/23236/3654/51135/1147/5520/6352/6349/6348",45
"hsa04066","Environmental Information Processing","Signal transduction","hsa04066","HIF-1 signaling pathway","47/2534","108/8764",0.000803160059845932,0.00300738822408977,0.00176601276317,"1387/3459/7037/2023/8569/2872/5594/9978/2033/3091/5230/6923/208/8453/6198/2027/4790/1027/2597/3945/6513/5290/1026/5605/3939/54583/6194/5211/207/817/5295/226/1977/5163/3460/1536/5579/6774/5604/5209/3643/5293/596/5970/1978/5336/2475",47
"hsa04668","Environmental Information Processing","Signal transduction","hsa04668","TNF signaling pathway","49/2534","114/8764",0.000879511769088236,0.00325709303497511,0.00191264560542034,"843/8837/5606/23118/841/6416/7132/5743/83737/2920/1540/10059/5594/4792/4318/3551/208/5599/1326/4790/329/1432/1386/1385/7128/5290/3659/3553/468/207/148327/5295/9530/4323/8986/836/840/5604/2353/3726/5293/1051/5970/3725/64764/9021/1147/1388/6352",49
"hsa03410","Genetic Information Processing","Replication and repair","hsa03410","Base excision repair","23/2534","44/8764",0.000923760711906482,0.00338377565122266,0.00198703677160662,"3980/5981/11284/5424/4913/5423/7374/143/4350/3978/5425/5985/8930/5111/5983/6996/79661/5428/142/54107/57804/3146/11232",23
"hsa05213","Human Diseases","Cancer: specific types","hsa05213","Endometrial cancer","28/2534","58/8764",0.00137185121422683,0.00497111676553162,0.00291916274221441,"572/1495/4292/369/4616/5594/6655/208/6654/1647/2309/5290/51426/1026/5605/5894/51176/5170/207/5295/673/3611/1499/5604/5293/5728/2885/4893",28
"hsa00510","Metabolism","Glycan biosynthesis and metabolism","hsa00510","N-Glycan biosynthesis","26/2534","53/8764",0.00150036187665852,0.00537895694078641,0.003158656582439,"8813/2530/11320/2683/23193/79868/84061/4121/4124/6185/29880/1603/4245/746/3703/4249/11282/201595/6184/4247/11253/54344/4122/10905/58505/1650",26
"hsa04928","Organismal Systems","Endocrine system","hsa04928","Parathyroid hormone synthesis, secretion and action","48/2534","114/8764",0.00167839777771675,0.0059538952746373,0.00349627459513294,"65125/387/4205/9138/2260/369/4208/2778/5594/9368/1839/5144/2771/1386/4209/1385/6446/10672/1958/113/3709/1026/468/3727/5894/5330/109/409/5567/148327/2768/4929/2776/4323/673/5579/5604/2353/11214/596/64764/23236/5142/6667/4666/4326/27347/1388",48
"hsa04115","Cellular Processes","Cell growth and death","hsa04115","p53 signaling pathway","34/2534","75/8764",0.00177042418269804,0.00612778737673515,0.00359838833929785,"637/841/27244/3732/4616/7249/1021/896/900/1647/894/317/8795/1017/1026/1019/4193/5366/64326/143686/472/1111/51246/836/983/596/6241/5728/54205/64393/545/10572/6477/4194",34
"hsa05214","Human Diseases","Cancer: specific types","hsa05214","Glioma","34/2534","75/8764",0.00177042418269804,0.00612778737673515,0.00359838833929785,"1870/369/4616/5594/6655/1869/208/1021/6654/1647/5290/51426/1026/5605/5894/1019/4193/5925/207/805/817/5295/673/808/5579/5604/5293/5728/2885/57118/5336/801/2475/4893",34
"hsa04935","Organismal Systems","Endocrine system","hsa04935","Growth hormone synthesis, secretion and action","50/2534","120/8764",0.00178196784249271,0.00612778737673515,0.00359838833929785,"1387/5606/6416/2778/4214/3717/1399/5594/2033/6655/208/5599/1432/2771/6772/6654/1386/1385/8835/113/5290/3709/6776/5605/468/5894/5330/109/207/5567/148327/5295/2776/5579/6774/5604/5747/2353/3726/5293/6777/2885/64764/23236/9021/8660/5336/2475/4893/1388",50
"hsa04530","Cellular Processes","Cellular community - eukaryotes","hsa04530","Tight junction","67/2534","170/8764",0.00192514559680978,0.00655327339520098,0.00384824425518596,"8531/387/6093/998/87/60/1739/7430/4637/4214/4627/10627/23370/5518/5599/9368/9693/10094/5564/5515/10096/9181/6794/103910/9414/10376/57826/7408/8189/7277/4301/81/10095/5562/5111/9475/1019/5879/81873/5962/10097/55114/5567/4478/3688/123720/50848/51735/861/10092/10109/5584/51762/4218/7846/84790/3308/5581/55844/3725/3059/23513/71/140465/5520/10093/10552",67
"hsa04919","Organismal Systems","Endocrine system","hsa04919","Thyroid hormone signaling pathway","50/2534","121/8764",0.00219867335425788,0.00740952920384907,0.00435105884842613,"572/1387/9862/9440/483/60/8648/5594/2033/3091/7249/208/6009/9969/8850/6772/6513/5290/23389/8202/5605/5894/4193/29079/5330/10499/5170/9611/5211/207/5567/5295/4851/2308/1827/476/90390/5579/1499/5604/25942/5293/488/9282/23236/71/3066/5336/2475/4893",50
"hsa04625","Organismal Systems","Immune system","hsa04625","C-type lectin receptor signaling pathway","44/2534","104/8764",0.00229221998359779,0.00764829836111341,0.0044912700043396,"841/387/4775/5743/1540/5594/4792/3551/208/5599/5532/4790/1432/868/6772/5533/5290/3709/3659/3553/4046/5894/4193/5530/207/805/5295/5058/808/9261/6850/6773/5293/10892/5970/1263/3725/5781/5336/801/4893/1147/10379/5534",44
"hsa04922","Organismal Systems","Endocrine system","hsa04922","Glucagon signaling pathway","45/2534","107/8764",0.00236934476774657,0.00782812928167247,0.00459687116962182,"1387/5256/5315/2778/23411/2033/5836/55671/5257/208/5532/1374/3945/5564/1386/6513/1385/5533/3709/3276/468/5562/3939/5330/5530/5211/150094/207/5567/148327/805/817/5531/2308/5140/2776/808/5223/64764/23236/801/5534/57223/102724428/31",45
"hsa04664","Organismal Systems","Immune system","hsa04664","Fc epsilon RI signaling pathway","31/2534","68/8764",0.00248621170582506,0.00810277288806938,0.00475814868954254,"695/2534/240/9846/5606/3937/6416/5594/6655/208/5599/1432/6654/5290/5605/5880/5894/241/10451/5879/5170/7409/207/5295/6850/3635/5604/5293/2885/5336/4893",31
"hsa04962","Organismal Systems","Excretory system","hsa04962","Vasopressin-regulated water reabsorption","22/2534","44/8764",0.00250055899216384,0.00810277288806938,0.00475814868954254,"4905/1781/2778/8655/6810/8766/5878/397/5869/1385/51164/1783/109/396/5567/148327/5868/51143/10540/64764/9230/1778",22
"hsa04012","Environmental Information Processing","Signal transduction","hsa04012","ErbB signaling pathway","37/2534","85/8764",0.00275331023138079,0.00883681474262217,0.00518919622555979,"572/6416/369/25/1399/5594/6655/208/5599/6198/2549/1027/1839/868/6654/5290/1026/6776/5605/5894/207/817/5295/5058/673/5579/5604/5747/5293/6777/3725/2885/5062/1978/5336/2475/4893",37
"hsa04931","Human Diseases","Endocrine and metabolic disease","hsa04931","Insulin resistance","45/2534","108/8764",0.00294379633273115,0.00935905060500375,0.00549586604323194,"7132/6720/5836/4792/3551/208/5599/6198/4790/1374/5564/6513/6195/1385/5524/5290/7376/5562/948/5170/207/11000/148327/5295/8473/2308/5579/6774/3643/5581/5293/5728/5499/5970/22877/6197/5781/64764/9021/8660/5501/5770/10724/2475/5500",45
"hsa05416","Human Diseases","Cardiovascular disease","hsa05416","Viral myocarditis","31/2534","69/8764",0.00328384217579035,0.01034256834805,0.00607341199260783,"3683/2534/637/841/8672/60/25/1982/1981/8910/5880/5879/3689/836/54205/3119/71/1604/3117/3127/3111/3108/3122/3107/3133/3134/3105/3115/3113/3106/3109",31
"hsa04658","Organismal Systems","Immune system","hsa04658","Th1 and Th2 cell differentiation","39/2534","92/8764",0.00379196615300093,0.0118323388292714,0.0069482420737249,"3459/4775/3566/3717/5594/4792/3551/7297/5599/5532/4790/1432/7535/6772/5533/6776/5530/3561/4851/3460/3716/6778/3516/2353/5970/6777/3725/3119/84441/3117/3127/3111/3108/3122/1147/5534/3115/3113/3109",39
"hsa05134","Human Diseases","Infectious disease: bacterial","hsa05134","Legionellosis","26/2534","56/8764",0.00396525173315874,0.0121689607741652,0.00714591480725617,"1195/841/56681/2920/4792/4790/3312/10767/57396/317/3553/7097/375/3329/1915/3689/836/7415/840/3576/54205/5970/81876/3304/3303/1937",26
"hsa04720","Organismal Systems","Nervous system","hsa04720","Long-term potentiation","30/2534","67/8764",0.00403417845044008,0.0121689607741652,0.00714591480725617,"1387/369/5594/2033/5532/6195/5533/3709/5605/5908/468/5894/5330/5530/5567/805/817/2776/673/808/5579/5604/5499/6197/23236/5501/801/4893/5500/5534",30
"hsa04810","Cellular Processes","Cell motility","hsa04810","Regulation of actin cytoskeleton","85/2534","229/8764",0.00404333961645081,0.0121689607741652,0.00714591480725617,"3683/7414/26999/4659/387/6093/998/87/60/9138/2260/369/3682/3655/7430/1399/5594/4627/6655/10627/8874/28984/208/6387/28964/5216/10094/8936/200576/10096/3676/6654/103910/10672/5290/7852/3071/54776/5605/89846/5880/9459/81/10095/1729/5894/10451/9475/5879/81873/5962/10097/8826/85464/7409/207/8394/5295/10788/2768/4478/2934/5058/3688/673/10163/3689/3678/10092/10109/5604/5747/5293/5499/1072/5062/71/5501/7114/4893/5500/10093/10552/55845/23191",85
"hsa01522","Human Diseases","Drug resistance: antineoplastic","hsa01522","Endocrine resistance","41/2534","98/8764",0.00404428369942583,0.0121689607741652,0.00714591480725617,"572/1870/369/2778/5594/6655/4318/1869/208/5599/6198/1027/1432/1839/6654/113/5290/8202/1026/5605/5894/1019/4193/109/5925/9611/207/5567/5295/4851/673/5604/5747/2353/5293/596/3725/2885/6667/2475/4893",41
"hsa00020","Metabolism","Carbohydrate metabolism","hsa00020","Citrate cycle (TCA cycle)","16/2534","30/8764",0.00421796775074855,0.0125792489557722,0.00738684617737054,"4190/1431/3421/6389/1738/2271/50/3420/6390/1743/47/8803/3417/8802/3418/6392",16
"hsa04370","Environmental Information Processing","Signal transduction","hsa04370","VEGF signaling pathway","27/2534","59/8764",0.00430900656273036,0.0127380281722818,0.00748008526124937,"572/998/5743/5594/208/3315/5532/1432/7867/5533/5290/5605/5880/5894/5879/5530/207/5295/9261/5579/5604/5747/5293/8877/5336/4893/5534",27
"hsa03430","Genetic Information Processing","Replication and repair","hsa03430","Mismatch repair","13/2534","23/8764",0.00507623032602912,0.0148755619119288,0.00873529795234301,"5981/5424/4292/4436/3978/6742/5425/5985/2956/6118/5111/5983/57804",13
"hsa05165","Human Diseases","Infectious disease: viral","hsa05165","Human papillomavirus infection","117/2534","331/8764",0.00569230968812399,0.016537141076705,0.00971101834271606,"572/1387/51606/5610/841/5525/7132/5315/998/537/5743/1739/5527/5933/4799/2778/3655/5594/4242/2033/6655/51382/5700/1869/7249/5934/3551/208/7297/5518/1021/6009/1855/6198/9368/4790/10312/1027/1108/896/5515/1452/8992/7337/523/3676/6772/6654/533/1385/894/5290/1017/1026/3659/3661/5605/23352/9296/529/5894/1019/4193/9550/5925/207/5567/148327/55502/890/5295/526/4851/472/3688/2308/5529/4599/9114/3678/3716/5584/836/7248/28227/1499/3516/5604/5747/6773/10474/5734/5293/5728/5970/545/55844/2885/23513/64764/84441/23545/10134/527/9636/1978/3066/2475/3107/3133/3134/3105/4893/1147/10379/5520/3106",117
"hsa04062","Organismal Systems","Immune system","hsa04062","Chemokine signaling pathway","72/2534","192/8764",0.00583949023875296,0.0168197282945277,0.00987696054777828,"572/387/6093/10235/998/2782/2920/3717/1399/5594/6655/4792/3551/208/5294/6387/4790/2771/59345/6772/6654/2309/2185/113/5290/7852/57580/5908/5880/5894/10451/9475/1794/5879/5330/109/409/23533/7409/207/5567/5295/5058/9844/2776/673/653361/5473/5579/6774/5604/5747/3576/6773/5293/2783/156/5970/6777/2787/2788/2885/23236/5336/2870/4893/1147/2790/6352/6351/6349/6348",72
"hsa04114","Cellular Processes","Cell growth and death","hsa04114","Oocyte meiosis","54/2534","138/8764",0.00596201471752147,0.0170271098288537,0.00999874011502263,"8379/996/29945/8454/9748/5525/10734/23291/5527/51433/5594/9978/5518/5532/9126/7531/26271/1432/6500/5515/80315/10459/6195/5533/113/3709/1017/7533/8881/10971/109/5530/51529/5567/805/817/64682/5529/808/9232/7534/7529/5604/699/7532/983/5499/29882/6197/5501/51434/801/5500/5534",54
"hsa03420","Genetic Information Processing","Replication and repair","hsa03420","Nucleotide excision repair","28/2534","63/8764",0.00608672809737029,0.0172372047799478,0.0101221130677188,"5439/2067/4331/5981/5431/5424/9978/5432/3978/5425/2965/5985/6118/5887/5111/5983/902/8451/5440/54107/8450/2071/1642/5436/57804/5886/5430/81488",28
"hsa04933","Human Diseases","Endocrine and metabolic disease","hsa04933","AGE-RAGE signaling pathway in diabetic complications","41/2534","100/8764",0.00616402992955925,0.0173106507188455,0.0101652423399749,"998/3717/5594/208/7040/7046/5599/4790/1027/1432/6772/1958/5290/3553/6776/1729/1019/5879/5292/5330/4089/207/5295/2308/7048/836/1536/5579/4088/6774/3576/5581/5293/596/5970/6777/4087/3725/23236/5336/4893",41
"hsa01200","Metabolism","Global and overview maps","hsa01200","Carbon metabolism","46/2534","115/8764",0.00667900671035159,0.0186018616643677,0.0109234733496833,"4190/1431/5315/3421/6389/2023/38/4200/1738/2271/50/3420/5230/2821/2027/2597/7167/5096/6390/1743/847/2806/1892/25796/8803/3417/2098/5211/5226/5631/2746/226/10873/84532/83440/51/8802/7086/5223/6888/2731/3418/6472/6120/128/6392",46
"hsa04611","Organismal Systems","Immune system","hsa04611","Platelet activation","49/2534","124/8764",0.00687852784804895,0.0190005236458401,0.0111575775274651,"695/2534/3937/4659/387/6093/10235/60/9138/54518/2778/8773/5594/10627/208/5294/5023/1432/2771/103910/10672/113/5290/3709/7408/5908/9475/7094/5330/109/23533/207/5567/5295/83706/3688/2776/5584/2982/6850/6786/5293/5499/23236/71/5501/5336/5500/84876",49
"hsa05231","Human Diseases","Cancer: overview","hsa05231","Choline metabolism in cancer","40/2534","98/8764",0.00739958898474647,0.0202736706330046,0.0119052009339524,"1606/8527/5594/1120/6655/3091/7249/208/6009/5599/6198/1119/56994/8936/6654/10434/5290/56261/5605/5880/5894/5879/5170/207/8394/5295/8525/10163/5900/7248/5579/5604/2353/5293/3725/2885/6667/1978/2475/4893",40
"hsa04213","Organismal Systems","Aging","hsa04213","Longevity regulating pathway - multiple species","27/2534","61/8764",0.00747530910520774,0.0203159610359275,0.0119300349047458,"9474/23411/208/6198/3312/5564/2309/113/847/5290/5562/109/57521/6647/207/5567/5295/1979/2308/3643/5293/8660/3066/2475/3304/3303/4893",27
"hsa05205","Human Diseases","Cancer: overview","hsa05205","Proteoglycans in cancer","75/2534","203/8764",0.00755440847667458,0.0203666852531147,0.0119598214199143,"5329/960/4659/1975/387/6093/998/60/9138/2260/369/7430/5594/6655/3091/4318/208/7040/6198/1655/2549/5777/1432/1839/29102/6654/5290/3709/1026/54776/5605/5894/10451/9475/967/4193/5879/6194/7097/5962/8826/5170/7409/207/5567/817/5295/4478/5058/3688/27250/673/3678/836/10818/5579/1499/84309/6774/5604/5747/6383/5293/5499/4087/2885/5781/3059/71/5501/2316/5336/2475/4893/5500",75
"hsa04966","Organismal Systems","Excretory system","hsa04966","Collecting duct acid secretion","14/2534","27/8764",0.0100356984403316,0.0268415109078711,0.0157619992212393,"6521/51382/760/10312/10723/8992/523/9296/529/9550/526/9114/23545/527",14
"hsa05340","Human Diseases","Immune disease","hsa05340","Primary immunodeficiency","18/2534","38/8764",0.0120266327207726,0.031913190762995,0.0187402150974326,"695/8625/7374/5788/29760/973/7535/3543/5993/3561/5896/6890/3575/5897/930/4261/100/84876",18
"hsa05222","Human Diseases","Cancer: specific types","hsa05222","Small cell lung cancer","37/2534","92/8764",0.0127278452901769,0.033510030178044,0.0196779187052078,"1870/5743/9618/3655/4616/4792/1869/3551/208/1021/4790/329/1027/1647/7709/317/5290/51426/1017/1164/1026/4149/1019/5925/207/5295/3688/836/5747/5293/596/5728/54205/5970/1163/2272/1147",37
"hsa05225","Human Diseases","Cancer: specific types","hsa05225","Hepatocellular carcinoma","62/2534","168/8764",0.0145552944482084,0.0380242963491955,0.0223288074766477,"572/1870/57492/6602/6605/60/369/6595/2950/4616/6598/5594/6655/1869/208/7040/1021/7046/1855/6198/6603/2549/1452/6654/4780/1647/8289/5290/51426/1026/5605/6597/55274/5894/1019/51176/6601/5925/4089/207/4259/5295/9446/673/7048/55193/29117/5579/4088/1499/5604/5293/5728/6599/4087/2885/71/196528/5336/7296/2475/4893",62
"hsa04917","Organismal Systems","Endocrine system","hsa04917","Prolactin signaling pathway","29/2534","70/8764",0.016499014309612,0.0427705217103018,0.0251159084227291,"3717/5594/6655/208/5599/4790/1432/6772/6654/2309/894/8835/5290/3659/6776/5605/5894/207/5295/6774/5604/2353/9655/5293/5970/6777/2885/9021/4893",29
"hsa04022","Environmental Information Processing","Signal transduction","hsa04022","cGMP-PKG signaling pathway","61/2534","166/8764",0.0168165844226956,0.0432609843545681,0.0254039202207053,"572/292/4659/493/387/6093/4205/483/490/4775/7419/4208/5594/208/5294/5532/2771/1386/4209/5997/1385/10672/5533/113/3709/7408/5605/468/5894/9475/5330/109/5530/23533/207/148327/805/2768/5140/2776/808/476/2982/7417/5604/293/4881/3643/5581/5499/488/64764/23236/8660/5501/801/7416/5500/1388/5534/2969",61
"hsa04215","Cellular Processes","Cell growth and death","hsa04215","Apoptosis - multiple species","15/2534","32/8764",0.0234409831278844,0.059845540258311,0.0351427817228251,"637/841/7132/5599/329/27429/57448/317/8678/5366/836/840/596/54205/56616",15
"hsa00310","Metabolism","Amino acid metabolism","hsa00310","Lysine degradation","26/2534","63/8764",0.0236239444417852,0.0598591674953505,0.0351507839735308,"55904/58508/38/3030/1738/84444/2146/2145/7468/55870/7799/4297/1743/1892/79709/83852/9869/56950/54904/64324/85007/79813/55526/29072/387893/64754",26
"hsa04912","Organismal Systems","Endocrine system","hsa04912","GnRH signaling pathway","36/2534","93/8764",0.0260747293943433,0.0650902504140273,0.0382226052720198,"5606/6416/998/4216/2778/4214/5594/6655/5599/1432/1839/6654/1958/2185/113/3709/5605/468/5894/5330/109/5567/805/817/2776/4323/808/5579/5604/10746/3725/2885/23236/801/4215/4893",36
"hsa05323","Human Diseases","Immune disease","hsa05323","Rheumatoid arthritis","36/2534","93/8764",0.0260747293943433,0.0650902504140273,0.0382226052720198,"3683/51606/537/2920/51382/7040/6387/10312/8992/523/533/3553/9296/529/9550/7097/526/9114/3689/3576/2353/3725/3119/23545/527/3117/3127/3111/3108/3122/3115/3113/3109/6352/6349/6348",36
"hsa03440","Genetic Information Processing","Replication and repair","hsa03440","Homologous recombination","18/2534","41/8764",0.02880293750658,0.0708510214577917,0.0416054725411989,"4361/5424/51720/5932/4683/29086/6742/5425/6118/7517/7979/580/472/9577/11073/57804/7156/5890",18
"hsa05219","Human Diseases","Cancer: specific types","hsa05219","Bladder cancer","18/2534","41/8764",0.02880293750658,0.0708510214577917,0.0416054725411989,"1870/11186/369/5594/4318/1869/1839/1026/5605/5894/1019/4193/5925/673/5604/3576/1612/4893",18
"hsa01524","Human Diseases","Drug resistance: antineoplastic","hsa01524","Platinum drug resistance","29/2534","73/8764",0.030195920885313,0.073739314046018,0.043301549400754,"572/5980/2067/637/841/4292/7155/2950/4436/5594/208/329/2956/317/5290/1026/7153/4193/5170/5366/207/4259/5295/9446/472/836/5293/596/54205",29
"hsa01521","Human Diseases","Drug resistance: antineoplastic","hsa01521","EGFR tyrosine kinase inhibitor resistance","31/2534","79/8764",0.0305989234241229,0.0741858790930174,0.0435637834436585,"572/369/3717/5594/6655/208/6198/2549/6654/2309/5290/5605/5894/6194/207/5295/1977/673/3716/5579/6774/5604/5293/596/5728/2885/1978/4763/5336/2475/4893",31
"hsa04010","Environmental Information Processing","Signal transduction","hsa04010","MAPK signaling pathway","101/2534","299/8764",0.0354959053593334,0.0854437150435382,0.0501746632146968,"8491/5606/2324/23118/6416/7132/10235/998/9448/4775/2260/369/8569/4208/4216/51701/8550/4214/4616/2872/1399/5594/6655/5494/6789/3551/11184/208/7040/3315/7046/5599/5532/1326/4790/9693/3312/1432/7867/6654/1386/1647/3925/6195/1843/5533/2322/3164/3553/4149/5605/5908/468/5880/3727/5894/51347/5879/5495/1847/5530/1848/409/207/5567/11221/2768/5058/93589/5922/673/1844/2005/57551/8986/9261/7048/836/5579/5871/5604/10746/2353/3643/5970/4296/1649/6197/3725/2885/5062/3654/4763/2316/51135/4215/3304/3303/4893/1147/5534",101
"hsa04650","Organismal Systems","Immune system","hsa04650","Natural killer cell mediated cytotoxicity","48/2534","132/8764",0.037532319678658,0.0897049058986365,0.0526769398998709,"3683/2534/7305/637/3459/3937/369/7462/6452/5594/6655/5532/3384/5777/7535/6654/962/8795/2185/5533/5290/10870/5605/5880/5894/10451/5879/5530/7409/5295/5058/673/3460/3689/836/6850/5579/5604/5293/2885/5781/5336/3107/3133/3105/4893/5534/3106",48
"hsa04926","Organismal Systems","Endocrine system","hsa04926","Relaxin signaling pathway","47/2534","129/8764",0.0379790200236121,0.0901333080842061,0.0529285082612237,"2769/6416/2782/2778/5594/6655/4792/4318/208/7040/7046/5599/4790/1432/2771/59345/6654/1386/1385/113/5290/5605/468/5894/5330/109/409/207/5567/148327/5295/7048/5604/2353/5293/2783/5970/2787/4087/2788/3725/2885/64764/23236/4893/1388/2790",47
"hsa04620","Organismal Systems","Immune system","hsa04620","Toll-like receptor signaling pathway","40/2534","108/8764",0.0408756296828512,0.0963292811407052,0.0565669369184838,"5606/23118/841/6416/5594/4792/3551/208/7297/5599/1326/4790/1432/6772/5290/3553/3661/5605/5879/7097/207/5295/3716/5604/3576/2353/6773/5293/5970/7096/3725/3654/3665/51135/1147/10379/6352/6351/6349/6348",40
"hsa04371","Environmental Information Processing","Signal transduction","hsa04371","Apelin signaling pathway","50/2534","139/8764",0.0415747389561524,0.0966254277808506,0.0567408415517724,"9759/4205/5289/2782/4208/5594/208/5294/7046/6198/10014/5564/2771/59345/4209/1490/10672/1958/113/3709/8678/5605/10365/5894/5562/6194/5330/109/81631/23533/4089/207/5567/805/5140/2776/808/4088/5604/5581/2783/2787/4087/8877/2788/23236/801/2475/4893/2790",50
"hsa05418","Human Diseases","Cardiovascular disease","hsa05418","Fluid shear stress and atherosclerosis","50/2534","139/8764",0.0415747389561524,0.0966254277808506,0.0567408415517724,"1535/6416/7132/387/4205/60/3320/4208/2950/3326/4318/3551/208/5599/4790/1432/7341/4780/9181/4688/1843/5290/3553/10365/5880/5562/5879/7295/207/4259/805/5295/9446/653361/808/8878/7184/1499/5747/6383/2353/5293/596/5970/3725/71/6612/6613/801/1147",50
"hsa04710","Organismal Systems","Environmental adaptation","hsa04710","Circadian rhythm","15/2534","34/8764",0.0420207935370902,0.0969932015205438,0.0569568073898555,"26224/1407/8454/23291/9978/5564/6500/1385/5562/8553/1453/4783/9975/5187/1454",15
